County, State, Population
Abbeville, South Carolina,24527
Acadia, Louisiana,62045
Accomack, Virginia,32316
Ada, Idaho,481587
Adair, Iowa,7152
Adair, Kentucky,19202
Adair, Missouri,25343
Adair, Oklahoma,22194
Adams, Colorado,517421
Adams, Idaho,4294
Adams, Illinois,65435
Adams, Indiana,35777
Adams, Iowa,3602
Adams, Mississippi,30693
Adams, Nebraska,31363
Adams, North Dakota,2216
Adams, Ohio,27698
Adams, Pennsylvania,103009
Adams, Washington,19983
Adams, Wisconsin,20220
Addison, Vermont,36777
Aiken, South Carolina,170872
Aitkin, Minnesota,15886
Alachua, Florida,269043
Alamance, North Carolina,169509
Alameda, California,1671329
Alamosa, Colorado,16233
Albany, New York,305506
Albany, Wyoming,38880
Albemarle, Virginia,109330
Alcona, Michigan,10405
Alcorn, Mississippi,36953
Aleutians East, Alaska,3337
Aleutians West, Alaska,5634
Alexander, Illinois,5761
Alexander, North Carolina,37497
Alexandria, Virginia,159428
Alfalfa, Oklahoma,5702
Alger, Michigan,9108
Allamakee, Iowa,13687
Allegan, Michigan,118081
Allegany, Maryland,70416
Allegany, New York,46091
Alleghany, North Carolina,11137
Alleghany, Virginia,14860
Allegheny, Pennsylvania,1216045
Allen, Indiana,379299
Allen, Kansas,12369
Allen, Kentucky,21315
Allen, Ohio,102351
Allendale, South Carolina,8688
Allen, Louisiana,25627
Alpena, Michigan,28405
Alpine, California,1129
Amador, California,39752
Amelia, Virginia,13145
Amherst, Virginia,31605
Amite, Mississippi,12297
Anchorage, Alaska,288000
Anderson, Kansas,7858
Anderson, Kentucky,22747
Anderson, South Carolina,202558
Anderson, Tennessee,76978
Anderson, Texas,57735
Andrew, Missouri,17712
Andrews, Texas,18705
Androscoggin, Maine,108277
Angelina, Texas,86715
Anne Arundel, Maryland,579234
Anoka, Minnesota,356921
Anson, North Carolina,24446
Antelope, Nebraska,6298
Antrim, Michigan,23324
Apache, Arizona,71887
Appanoose, Iowa,12426
Appling, Georgia,18386
Appomattox, Virginia,15911
Aransas, Texas,23510
Arapahoe, Colorado,656590
Archer, Texas,8553
Archuleta, Colorado,14029
Arenac, Michigan,14883
Arkansas, Arkansas,17486
Arlington, Virginia,236842
Armstrong, Pennsylvania,64735
Armstrong, Texas,1887
Aroostook, Maine,67055
Arthur, Nebraska,463
Ascension, Louisiana,126604
Ashe, North Carolina,27203
Ashland, Ohio,53484
Ashland, Wisconsin,15562
Ashley, Arkansas,19657
Ashtabula, Ohio,97241
Asotin, Washington,22582
Assumption, Louisiana,21891
Atascosa, Texas,51153
Atchison, Kansas,16073
Atchison, Missouri,5143
Athens, Ohio,65327
Atkinson, Georgia,8165
Atlantic, New Jersey,263670
Atoka, Oklahoma,13758
Attala, Mississippi,18174
Audrain, Missouri,25388
Audubon, Iowa,5496
Auglaize, Ohio,45656
Augusta, Virginia,75558
Aurora, South Dakota,2751
Austin, Texas,30032
Autauga, Alabama,55869
Avery, North Carolina,17557
Avoyelles, Louisiana,40144
Baca, Colorado,3581
Bacon, Georgia,11164
Bailey, Texas,7000
Baker, Florida,29210
Baker, Georgia,3038
Baker, Oregon,16124
Baldwin, Alabama,223234
Baldwin, Georgia,44890
Ballard, Kentucky,7888
Baltimore city, Maryland,593490
Baltimore, Maryland,827370
Bamberg, South Carolina,14066
Bandera, Texas,23112
Banks, Georgia,19234
Banner, Nebraska,745
Bannock, Idaho,87808
Baraga, Michigan,8209
Barber, Kansas,4427
Barbour, Alabama,24686
Barbour, West Virginia,16441
Barnes, North Dakota,10415
Barnstable, Massachusetts,212990
Barnwell, South Carolina,20866
Barren, Kentucky,44249
Barron, Wisconsin,45244
Barrow, Georgia,83240
Barry, Michigan,61550
Barry, Missouri,35789
Bartholomew, Indiana,83779
Barton, Kansas,25779
Barton, Missouri,11754
Bartow, Georgia,107738
Bastrop, Texas,88723
Bates, Missouri,16172
Bath, Kentucky,12500
Bath, Virginia,4147
Baxter, Arkansas,41932
Bay, Florida,174705
Bay, Michigan,103126
Bayfield, Wisconsin,15036
Baylor, Texas,3509
Beadle, South Dakota,18453
Bear Lake, Idaho,6125
Beaufort, North Carolina,46994
Beaufort, South Carolina,192122
Beauregard, Louisiana,37497
Beaver, Oklahoma,5311
Beaver, Pennsylvania,163929
Beaver, Utah,6710
Beaverhead, Montana,9453
Becker, Minnesota,34423
Beckham, Oklahoma,21859
Bedford, Pennsylvania,47888
Bedford, Tennessee,49713
Bedford, Virginia,78997
Bee, Texas,32565
Belknap, New Hampshire,61303
Bell, Kentucky,26032
Bell, Texas,362924
Belmont, Ohio,67006
Beltrami, Minnesota,47188
Benewah, Idaho,9298
Ben Hill, Georgia,16700
Bennett, South Dakota,3365
Bennington, Vermont,35470
Benson, North Dakota,6832
Bent, Colorado,5577
Benton, Arkansas,279141
Benton, Indiana,8748
Benton, Iowa,25645
Benton, Minnesota,40889
Benton, Mississippi,8259
Benton, Missouri,19443
Benton, Oregon,93053
Benton, Tennessee,16160
Benton, Washington,204390
Benzie, Michigan,17766
Bergen, New Jersey,932202
Berkeley, South Carolina,227907
Berkeley, West Virginia,119171
Berks, Pennsylvania,421164
Berkshire, Massachusetts,124944
Bernalillo, New Mexico,679121
Berrien, Georgia,19397
Berrien, Michigan,153401
Bertie, North Carolina,18947
Bethel, Alaska,18386
Bexar, Texas,2003554
Bibb, Alabama,22394
Bibb, Georgia,153159
Bienville, Louisiana,13241
Big Horn, Montana,13319
Big Horn, Wyoming,11790
Big Stone, Minnesota,4991
Billings, North Dakota,928
Bingham, Idaho,46811
Blackford, Indiana,11758
Black Hawk, Iowa,131228
Bladen, North Carolina,32722
Blaine, Idaho,23021
Blaine, Montana,6681
Blaine, Nebraska,465
Blaine, Oklahoma,9429
Blair, Pennsylvania,121829
Blanco, Texas,11931
Bland, Virginia,6280
Bleckley, Georgia,12873
Bledsoe, Tennessee,15064
Blount, Alabama,57826
Blount, Tennessee,133088
Blue Earth, Minnesota,67653
Boise, Idaho,7831
Bolivar, Mississippi,30628
Bollinger, Missouri,12133
Bond, Illinois,16426
Bon Homme, South Dakota,6901
Bonner, Idaho,45739
Bonneville, Idaho,119062
Boone, Arkansas,37432
Boone, Illinois,53544
Boone, Indiana,67843
Boone, Iowa,26234
Boone, Kentucky,133581
Boone, Missouri,180463
Boone, Nebraska,5192
Boone, West Virginia,21457
Borden, Texas,654
Bosque, Texas,18685
Bossier, Louisiana,127039
Botetourt, Virginia,33419
Boulder, Colorado,326196
Boundary, Idaho,12245
Bourbon, Kansas,14534
Bourbon, Kentucky,19788
Bowie, Texas,93245
Bowman, North Dakota,3024
Box Butte, Nebraska,10783
Box Elder, Utah,56046
Boyd, Kentucky,46718
Boyd, Nebraska,1919
Boyle, Kentucky,30060
Bracken, Kentucky,8303
Bradford, Florida,28201
Bradford, Pennsylvania,60323
Bradley, Arkansas,10763
Bradley, Tennessee,108110
Branch, Michigan,43517
Brantley, Georgia,19109
Braxton, West Virginia,13957
Brazoria, Texas,374264
Brazos, Texas,229211
Breathitt, Kentucky,12630
Breckinridge, Kentucky,20477
Bremer, Iowa,25062
Brevard, Florida,601942
Brewster, Texas,9203
Briscoe, Texas,1546
Bristol Bay, Alaska,836
Bristol, Virginia,16762
Bristol, Massachusetts,565217
Bristol, Rhode Island,48479
Broadwater, Montana,6237
Bronx, New York,1418207
Brooke, West Virginia,21939
Brookings, South Dakota,35077
Brooks, Georgia,15457
Brooks, Texas,7093
Broome, New York,190488
Broomfield, Colorado,70465
Broward, Florida,1952778
Brown, Illinois,6578
Brown, Indiana,15092
Brown, Kansas,9564
Brown, Minnesota,25008
Brown, Nebraska,2955
Brown, Ohio,43432
Brown, South Dakota,38839
Brown, Texas,37864
Brown, Wisconsin,264542
Brule, South Dakota,5297
Brunswick, North Carolina,142820
Brunswick, Virginia,16231
Bryan, Georgia,39627
Bryan, Oklahoma,47995
Buchanan, Iowa,21175
Buchanan, Missouri,87364
Buchanan, Virginia,21004
Buckingham, Virginia,17148
Bucks, Pennsylvania,628270
Buena Vista, Virginia,6478
Buena Vista, Iowa,19620
Buffalo, Nebraska,49659
Buffalo, South Dakota,1962
Buffalo, Wisconsin,13031
Bullitt, Kentucky,81676
Bulloch, Georgia,79608
Bullock, Alabama,10101
Buncombe, North Carolina,261191
Bureau, Illinois,32628
Burke, Georgia,22383
Burke, North Carolina,90485
Burke, North Dakota,2115
Burleigh, North Dakota,95626
Burleson, Texas,18443
Burlington, New Jersey,445349
Burnet, Texas,48155
Burnett, Wisconsin,15414
Burt, Nebraska,6459
Butler, Alabama,19448
Butler, Iowa,14439
Butler, Kansas,66911
Butler, Kentucky,12879
Butler, Missouri,42478
Butler, Nebraska,8016
Butler, Ohio,383134
Butler, Pennsylvania,187853
Butte, California,219186
Butte, Idaho,2597
Butte, South Dakota,10429
Butts, Georgia,24936
Cabarrus, North Carolina,216453
Cabell, West Virginia,91945
Cache, Utah,128289
Caddo, Oklahoma,28762
Caddo, Louisiana,240204
Calaveras, California,45905
Calcasieu, Louisiana,203436
Caldwell, Kentucky,12747
Caldwell, Missouri,9020
Caldwell, North Carolina,82178
Caldwell, Texas,43664
Caldwell, Louisiana,9918
Caledonia, Vermont,29993
Calhoun, Alabama,113605
Calhoun, Arkansas,5189
Calhoun, Florida,14105
Calhoun, Georgia,6189
Calhoun, Illinois,4739
Calhoun, Iowa,9668
Calhoun, Michigan,134159
Calhoun, Mississippi,14361
Calhoun, South Carolina,14553
Calhoun, Texas,21290
Calhoun, West Virginia,7109
Callahan, Texas,13943
Callaway, Missouri,44743
Calloway, Kentucky,39001
Calumet, Wisconsin,50089
Calvert, Maryland,92525
Camas, Idaho,1106
Cambria, Pennsylvania,130192
Camden, Georgia,54666
Camden, Missouri,46305
Camden, New Jersey,506471
Camden, North Carolina,10867
Cameron, Pennsylvania,4447
Cameron, Texas,423163
Cameron, Louisiana,6973
Campbell, Kentucky,93584
Campbell, South Dakota,1376
Campbell, Tennessee,39842
Campbell, Virginia,54885
Campbell, Wyoming,46341
Camp, Texas,13094
Canadian, Oklahoma,148306
Candler, Georgia,10803
Cannon, Tennessee,14678
Canyon, Idaho,229849
Cape Girardeau, Missouri,78871
Cape May, New Jersey,92039
Carbon, Montana,10725
Carbon, Pennsylvania,64182
Carbon, Utah,20463
Carbon, Wyoming,14800
Caribou, Idaho,7155
Carlisle, Kentucky,4760
Carlton, Minnesota,35871
Caroline, Maryland,33406
Caroline, Virginia,30725
Carroll, Arkansas,28380
Carroll, Georgia,119992
Carroll, Illinois,14305
Carroll, Indiana,20257
Carroll, Iowa,20165
Carroll, Kentucky,10631
Carroll, Maryland,168447
Carroll, Mississippi,9947
Carroll, Missouri,8679
Carroll, New Hampshire,48910
Carroll, Ohio,26914
Carroll, Tennessee,27767
Carroll, Virginia,29791
Carson City, Nevada,55916
Carson, Texas,5926
Carter, Kentucky,26797
Carter, Missouri,5982
Carter, Montana,1252
Carter, Oklahoma,48111
Carter, Tennessee,56391
Carteret, North Carolina,69473
Carver, Minnesota,105089
Cascade, Montana,81366
Casey, Kentucky,16159
Cass, Illinois,12147
Cass, Indiana,37689
Cass, Iowa,12836
Cass, Michigan,51787
Cass, Minnesota,29779
Cass, Missouri,105780
Cass, Nebraska,26248
Cass, North Dakota,181923
Cass, Texas,30026
Cassia, Idaho,24030
Castro, Texas,7530
Caswell, North Carolina,22604
Catahoula, Louisiana,9494
Catawba, North Carolina,159551
Catoosa, Georgia,67580
Catron, New Mexico,3527
Cattaraugus, New York,76117
Cavalier, North Dakota,3762
Cayuga, New York,76576
Cecil, Maryland,102855
Cedar, Iowa,18627
Cedar, Missouri,14349
Cedar, Nebraska,8402
Centre, Pennsylvania,162385
Cerro Gordo, Iowa,42450
Chaffee, Colorado,20356
Chambers, Alabama,33254
Chambers, Texas,43837
Champaign, Illinois,209689
Champaign, Ohio,38885
Chariton, Missouri,7426
Charles City, Virginia,6963
Charles, Maryland,163257
Charles Mix, South Dakota,9292
Charleston, South Carolina,411406
Charlevoix, Michigan,26143
Charlotte, Florida,188910
Charlotte, Virginia,11880
Charlottesville, Virginia,47266
Charlton, Georgia,13392
Chase, Kansas,2648
Chase, Nebraska,3924
Chatham, Georgia,289430
Chatham, North Carolina,74470
Chattahoochee, Georgia,10907
Chattooga, Georgia,24789
Chautauqua, Kansas,3250
Chautauqua, New York,126903
Chaves, New Mexico,64615
Cheatham, Tennessee,40667
Cheboygan, Michigan,25276
Chelan, Washington,77200
Chemung, New York,83456
Chenango, New York,47207
Cherokee, Alabama,26196
Cherokee, Georgia,258773
Cherokee, Iowa,11235
Cherokee, Kansas,19939
Cherokee, North Carolina,28612
Cherokee, Oklahoma,48657
Cherokee, South Carolina,57300
Cherokee, Texas,52646
Cherry, Nebraska,5689
Chesapeake, Virginia,244835
Cheshire, New Hampshire,76085
Chester, Pennsylvania,524989
Chester, South Carolina,32244
Chester, Tennessee,17297
Chesterfield, South Carolina,45650
Chesterfield, Virginia,352802
Cheyenne, Colorado,1831
Cheyenne, Kansas,2657
Cheyenne, Nebraska,8910
Chickasaw, Iowa,11933
Chickasaw, Mississippi,17103
Chicot, Arkansas,10118
Childress, Texas,7306
Chilton, Alabama,44428
Chippewa, Michigan,37349
Chippewa, Minnesota,11800
Chippewa, Wisconsin,64658
Chisago, Minnesota,56579
Chittenden, Vermont,163774
Choctaw, Alabama,12589
Choctaw, Mississippi,8210
Choctaw, Oklahoma,14672
Chouteau, Montana,5635
Chowan, North Carolina,13943
Christian, Illinois,32304
Christian, Kentucky,70461
Christian, Missouri,88595
Churchill, Nevada,24909
Cibola, New Mexico,26675
Cimarron, Oklahoma,2137
Citrus, Florida,149657
Clackamas, Oregon,418187
Claiborne, Mississippi,8988
Claiborne, Tennessee,31959
Claiborne, Louisiana,15670
Clallam, Washington,77331
Clare, Michigan,30950
Clarendon, South Carolina,33745
Clarion, Pennsylvania,38438
Clark, Arkansas,22320
Clark, Idaho,845
Clark, Illinois,15441
Clark, Indiana,118302
Clark, Kansas,1994
Clark, Kentucky,36263
Clark, Missouri,6797
Clark, Nevada,2266715
Clark, Ohio,134083
Clark, South Dakota,3736
Clark, Washington,488241
Clark, Wisconsin,34774
Clarke, Alabama,23622
Clarke, Georgia,128331
Clarke, Iowa,9395
Clarke, Mississippi,15541
Clarke, Virginia,14619
Clatsop, Oregon,40224
Clay, Alabama,13235
Clay, Arkansas,14551
Clay, Florida,219252
Clay, Georgia,2834
Clay, Illinois,13184
Clay, Indiana,26225
Clay, Iowa,16016
Clay, Kansas,8002
Clay, Kentucky,19901
Clay, Minnesota,64222
Clay, Mississippi,19316
Clay, Missouri,249948
Clay, Nebraska,6203
Clay, North Carolina,11231
Clay, South Dakota,14070
Clay, Tennessee,7615
Clay, Texas,10471
Clay, West Virginia,8508
Clayton, Georgia,292256
Clayton, Iowa,17549
Clear Creek, Colorado,9700
Clearfield, Pennsylvania,79255
Clearwater, Idaho,8756
Clearwater, Minnesota,8818
Cleburne, Alabama,14910
Cleburne, Arkansas,24919
Clermont, Ohio,206428
Cleveland, Arkansas,7956
Cleveland, North Carolina,97947
Cleveland, Oklahoma,284014
Clinch, Georgia,6618
Clinton, Illinois,37562
Clinton, Indiana,32399
Clinton, Iowa,46429
Clinton, Kentucky,10218
Clinton, Michigan,79595
Clinton, Missouri,20387
Clinton, New York,80485
Clinton, Ohio,41968
Clinton, Pennsylvania,38632
Cloud, Kansas,8786
Coahoma, Mississippi,22124
Coal, Oklahoma,5495
Cobb, Georgia,760141
Cochise, Arizona,125922
Cochran, Texas,2853
Cocke, Tennessee,36004
Coconino, Arizona,143476
Codington, South Dakota,28009
Coffee, Alabama,52342
Coffee, Georgia,43273
Coffee, Tennessee,56520
Coffey, Kansas,8179
Coke, Texas,3387
Colbert, Alabama,55241
Cole, Missouri,76745
Coleman, Texas,8175
Coles, Illinois,50621
Colfax, Nebraska,10709
Colfax, New Mexico,11941
Colleton, South Carolina,37677
Collier, Florida,384902
Collin, Texas,1034730
Collingsworth, Texas,2920
Colonial Heights, Virginia,17370
Colorado, Texas,21493
Colquitt, Georgia,45600
Columbia, Arkansas,23457
Columbia, Florida,71686
Columbia, Georgia,156714
Columbia, New York,59461
Columbia, Oregon,52354
Columbia, Pennsylvania,64964
Columbia, Washington,3985
Columbia, Wisconsin,57532
Columbiana, Ohio,101883
Columbus, North Carolina,55508
Colusa, California,21547
Comal, Texas,156209
Comanche, Kansas,1700
Comanche, Oklahoma,120749
Comanche, Texas,13635
Concho, Texas,2726
Concordia, Louisiana,19259
Conecuh, Alabama,12067
Conejos, Colorado,8205
Contra Costa, California,1153526
Converse, Wyoming,13822
Conway, Arkansas,20846
Cook, Georgia,17270
Cook, Illinois,5150233
Cook, Minnesota,5463
Cooke, Texas,41257
Cooper, Missouri,17709
Coosa, Alabama,10663
Coos, New Hampshire,31563
Coos, Oregon,64487
Copiah, Mississippi,28065
Corson, South Dakota,4086
Cortland, New York,47581
Coryell, Texas,75951
Coshocton, Ohio,36600
Costilla, Colorado,3887
Cottle, Texas,1398
Cotton, Oklahoma,5666
Cottonwood, Minnesota,11196
Covington, Virginia,5538
Covington, Alabama,37049
Covington, Mississippi,18636
Coweta, Georgia,148509
Cowley, Kansas,34908
Cowlitz, Washington,110593
Craig, Oklahoma,14142
Craig, Virginia,5131
Craighead, Arkansas,110332
Crane, Texas,4797
Craven, North Carolina,102139
Crawford, Arkansas,63257
Crawford, Georgia,12404
Crawford, Illinois,18667
Crawford, Indiana,10577
Crawford, Iowa,16820
Crawford, Kansas,38818
Crawford, Michigan,14029
Crawford, Missouri,23920
Crawford, Ohio,41494
Crawford, Pennsylvania,84629
Crawford, Wisconsin,16131
Creek, Oklahoma,71522
Crenshaw, Alabama,13772
Crisp, Georgia,22372
Crittenden, Arkansas,47955
Crittenden, Kentucky,8806
Crockett, Tennessee,14230
Crockett, Texas,3464
Crook, Oregon,24404
Crook, Wyoming,7584
Crosby, Texas,5737
Cross, Arkansas,16419
Crowley, Colorado,6061
Crow Wing, Minnesota,65055
Culberson, Texas,2171
Cullman, Alabama,83768
Culpeper, Virginia,52605
Cumberland, Illinois,10766
Cumberland, Kentucky,6614
Cumberland, Maine,295003
Cumberland, New Jersey,149527
Cumberland, North Carolina,335509
Cumberland, Pennsylvania,253370
Cumberland, Tennessee,60520
Cumberland, Virginia,9932
Cuming, Nebraska,8846
Currituck, North Carolina,27763
Curry, New Mexico,48954
Curry, Oregon,22925
Custer, Colorado,5068
Custer, Idaho,4315
Custer, Montana,11402
Custer, Nebraska,10777
Custer, Oklahoma,29003
Custer, South Dakota,8972
Cuyahoga, Ohio,1235072
Dade, Georgia,16116
Dade, Missouri,7561
Daggett, Utah,950
Dakota, Minnesota,429021
Dakota, Nebraska,20026
Dale, Alabama,49172
Dallam, Texas,7287
Dallas, Alabama,37196
Dallas, Arkansas,7009
Dallas, Iowa,93453
Dallas, Missouri,16878
Dallas, Texas,2635516
Dane, Wisconsin,546695
Daniels, Montana,1690
Danville, Virginia,40044
Dare, North Carolina,37009
Darke, Ohio,51113
Darlington, South Carolina,66618
Dauphin, Pennsylvania,278299
Davidson, North Carolina,167609
Davidson, Tennessee,694144
Davie, North Carolina,42846
Daviess, Indiana,33351
Daviess, Kentucky,101511
Daviess, Missouri,8278
Davis, Iowa,9000
Davis, Utah,355481
Davison, South Dakota,19775
Dawes, Nebraska,8589
Dawson, Georgia,26108
Dawson, Montana,8613
Dawson, Nebraska,23595
Dawson, Texas,12728
Day, South Dakota,5424
Deaf Smith, Texas,18546
Dearborn, Indiana,49458
De Baca, New Mexico,1748
Decatur, Georgia,26404
Decatur, Indiana,26559
Decatur, Iowa,7870
Decatur, Kansas,2827
Decatur, Tennessee,11663
Deer Lodge, Montana,9140
Defiance, Ohio,38087
DeKalb, Alabama,71513
DeKalb, Georgia,759297
DeKalb, Illinois,104897
DeKalb, Indiana,43475
DeKalb, Missouri,12547
DeKalb, Tennessee,20490
Delaware, Indiana,114135
Delaware, Iowa,17011
Delaware, New York,44135
Delaware, Ohio,209177
Delaware, Oklahoma,43009
Delaware, Pennsylvania,566747
Del Norte, California,27812
Delta, Colorado,31162
Delta, Michigan,35784
Delta, Texas,5331
Denali, Alaska,2097
Dent, Missouri,15573
Denton, Texas,887207
Denver, Colorado,727211
Deschutes, Oregon,197692
Desha, Arkansas,11361
Des Moines, Iowa,38967
DeSoto, Florida,38001
DeSoto, Mississippi,184945
De Soto, Louisiana,27463
Deuel, Nebraska,1794
Deuel, South Dakota,4351
Dewey, Oklahoma,4891
Dewey, South Dakota,5892
De Witt, Illinois,15638
DeWitt, Texas,20160
Dickens, Texas,2211
Dickenson, Virginia,14318
Dickey, North Dakota,4872
Dickinson, Iowa,17258
Dickinson, Kansas,18466
Dickinson, Michigan,25239
Dickson, Tennessee,53948
Dillingham, Alaska,4916
Dillon, South Carolina,30479
Dimmit, Texas,10124
Dinwiddie, Virginia,28544
District of Columbia, District of Columbia,705749
Divide, North Dakota,2264
Dixie, Florida,16826
Dixon, Nebraska,5636
Doddridge, West Virginia,8448
Dodge, Georgia,20605
Dodge, Minnesota,20934
Dodge, Nebraska,36565
Dodge, Wisconsin,87839
Dolores, Colorado,2055
Doña Ana, New Mexico,218195
Doniphan, Kansas,7600
Donley, Texas,3278
Dooly, Georgia,13390
Door, Wisconsin,27668
Dorchester, Maryland,31929
Dorchester, South Carolina,162809
Dougherty, Georgia,87956
Douglas, Colorado,351154
Douglas, Georgia,146343
Douglas, Illinois,19465
Douglas, Kansas,122259
Douglas, Minnesota,38141
Douglas, Missouri,13185
Douglas, Nebraska,571327
Douglas, Nevada,48905
Douglas, Oregon,110980
Douglas, South Dakota,2921
Douglas, Washington,43429
Douglas, Wisconsin,43150
Drew, Arkansas,18219
Dubois, Indiana,42736
Dubuque, Iowa,97311
Duchesne, Utah,19938
Dukes, Massachusetts,17332
Dundy, Nebraska,1693
Dunklin, Missouri,29131
Dunn, North Dakota,4424
Dunn, Wisconsin,45368
DuPage, Illinois,922921
Duplin, North Carolina,58741
Durham, North Carolina,321488
Dutchess, New York,294218
Duval, Florida,957755
Duval, Texas,11157
Dyer, Tennessee,37159
Eagle, Colorado,55127
Early, Georgia,10190
East Baton Rouge, Louisiana,440059
East Carroll, Louisiana,6861
East Feliciana, Louisiana,19135
Eastland, Texas,18360
Eaton, Michigan,110268
Eau Claire, Wisconsin,104646
Echols, Georgia,4006
Ector, Texas,166223
Eddy, New Mexico,58460
Eddy, North Dakota,2287
Edgar, Illinois,17161
Edgecombe, North Carolina,51472
Edgefield, South Carolina,27260
Edmonson, Kentucky,12150
Edmunds, South Dakota,3829
Edwards, Illinois,6395
Edwards, Kansas,2798
Edwards, Texas,1932
Effingham, Georgia,64296
Effingham, Illinois,34008
Elbert, Colorado,26729
Elbert, Georgia,19194
El Dorado, California,192843
Elk, Kansas,2530
Elk, Pennsylvania,29910
Elkhart, Indiana,206341
Elko, Nevada,52778
Elliott, Kentucky,7517
Ellis, Kansas,28553
Ellis, Oklahoma,3859
Ellis, Texas,184826
Ellsworth, Kansas,6102
Elmore, Alabama,81209
Elmore, Idaho,27511
El Paso, Colorado,720403
El Paso, Texas,839238
Emanuel, Georgia,22646
Emery, Utah,10012
Emmet, Iowa,9208
Emmet, Michigan,33415
Emmons, North Dakota,3241
Emporia, Virginia,5346
Erath, Texas,42698
Erie, New York,918702
Erie, Ohio,74266
Erie, Pennsylvania,269728
Escambia, Alabama,36633
Escambia, Florida,318316
Esmeralda, Nevada,873
Essex, Massachusetts,789034
Essex, New Jersey,798975
Essex, New York,36885
Essex, Vermont,6163
Essex, Virginia,10953
Estill, Kentucky,14106
Etowah, Alabama,102268
Eureka, Nevada,2029
Evangeline, Louisiana,33395
Evans, Georgia,10654
Fairbanks North Star, Alaska,96849
Fairfax city, Virginia,24019
Fairfax, Virginia,1147532
Fairfield, Connecticut,943332
Fairfield, Ohio,157574
Fairfield, South Carolina,22347
Fallon, Montana,2846
Fall River, South Dakota,6713
Falls Church, Virginia,14617
Falls, Texas,17297
Fannin, Georgia,26188
Fannin, Texas,35514
Faribault, Minnesota,13653
Faulk, South Dakota,2299
Faulkner, Arkansas,126007
Fauquier, Virginia,71222
Fayette, Alabama,16302
Fayette, Georgia,114421
Fayette, Illinois,21336
Fayette, Indiana,23102
Fayette, Iowa,19650
Fayette, Kentucky,323152
Fayette, Ohio,28525
Fayette, Pennsylvania,129274
Fayette, Tennessee,41133
Fayette, Texas,25346
Fayette, West Virginia,42406
Fentress, Tennessee,18523
Fergus, Montana,11050
Ferry, Washington,7627
Fillmore, Minnesota,21067
Fillmore, Nebraska,5462
Finney, Kansas,36467
Fisher, Texas,3830
Flagler, Florida,115081
Flathead, Montana,103806
Fleming, Kentucky,14581
Florence, South Carolina,138293
Florence, Wisconsin,4295
Floyd, Georgia,98498
Floyd, Indiana,78522
Floyd, Iowa,15642
Floyd, Kentucky,35589
Floyd, Texas,5712
Floyd, Virginia,15749
Fluvanna, Virginia,27270
Foard, Texas,1155
Fond du Lac, Wisconsin,103403
Ford, Illinois,12961
Ford, Kansas,33619
Forest, Pennsylvania,7247
Forest, Wisconsin,9004
Forrest, Mississippi,74897
Forsyth, Georgia,244252
Forsyth, North Carolina,382295
Fort Bend, Texas,811688
Foster, North Dakota,3210
Fountain, Indiana,16346
Franklin city, Virginia,7967
Franklin, Alabama,31362
Franklin, Arkansas,17715
Franklin, Florida,12125
Franklin, Georgia,23349
Franklin, Idaho,13876
Franklin, Illinois,38469
Franklin, Indiana,22758
Franklin, Iowa,10070
Franklin, Kansas,25544
Franklin, Kentucky,50991
Franklin, Maine,30199
Franklin, Massachusetts,70180
Franklin, Mississippi,7713
Franklin, Missouri,103967
Franklin, Nebraska,2979
Franklin, New York,50022
Franklin, North Carolina,69685
Franklin, Ohio,1316756
Franklin, Pennsylvania,155027
Franklin, Tennessee,42208
Franklin, Texas,10725
Franklin, Vermont,49402
Franklin, Virginia,56042
Franklin, Washington,95222
Franklin, Louisiana,20015
Frederick, Maryland,259547
Frederick, Virginia,89313
Fredericksburg, Virginia,29036
Freeborn, Minnesota,30281
Freestone, Texas,19717
Fremont, Colorado,47839
Fremont, Idaho,13099
Fremont, Iowa,6960
Fremont, Wyoming,39261
Fresno, California,999101
Frio, Texas,20306
Frontier, Nebraska,2627
Fulton, Arkansas,12477
Fulton, Georgia,1063937
Fulton, Illinois,34340
Fulton, Indiana,19974
Fulton, Kentucky,5969
Fulton, New York,53383
Fulton, Ohio,42126
Fulton, Pennsylvania,14530
Furnas, Nebraska,4676
Gadsden, Florida,45660
Gage, Nebraska,21513
Gaines, Texas,21492
Galax, Virginia,6347
Gallatin, Illinois,4828
Gallatin, Kentucky,8869
Gallatin, Montana,114434
Gallia, Ohio,29898
Galveston, Texas,342139
Garden, Nebraska,1837
Garfield, Colorado,60061
Garfield, Montana,1258
Garfield, Nebraska,1969
Garfield, Oklahoma,61056
Garfield, Utah,5051
Garfield, Washington,2225
Garland, Arkansas,99386
Garrard, Kentucky,17666
Garrett, Maryland,29014
Garvin, Oklahoma,27711
Garza, Texas,6229
Gasconade, Missouri,14706
Gaston, North Carolina,224529
Gates, North Carolina,11562
Geary, Kansas,31670
Geauga, Ohio,93649
Gem, Idaho,18112
Genesee, Michigan,405813
Genesee, New York,57280
Geneva, Alabama,26271
Gentry, Missouri,6571
George, Mississippi,24500
Georgetown, South Carolina,62680
Gibson, Indiana,33659
Gibson, Tennessee,49133
Gila, Arizona,54018
Gilchrist, Florida,18582
Giles, Tennessee,29464
Giles, Virginia,16720
Gillespie, Texas,26988
Gilliam, Oregon,1912
Gilmer, Georgia,31369
Gilmer, West Virginia,7823
Gilpin, Colorado,6243
Glacier, Montana,13753
Glades, Florida,13811
Gladwin, Michigan,25449
Glascock, Georgia,2971
Glasscock, Texas,1409
Glenn, California,28393
Gloucester, New Jersey,291636
Gloucester, Virginia,37348
Glynn, Georgia,85292
Gogebic, Michigan,13975
Golden Valley, Montana,821
Golden Valley, North Dakota,1761
Goliad, Texas,7658
Gonzales, Texas,20837
Goochland, Virginia,23753
Goodhue, Minnesota,46340
Gooding, Idaho,15179
Gordon, Georgia,57963
Goshen, Wyoming,13211
Gosper, Nebraska,1990
Gove, Kansas,2636
Grady, Georgia,24633
Grady, Oklahoma,55834
Grafton, New Hampshire,89886
Graham, Arizona,38837
Graham, Kansas,2482
Graham, North Carolina,8441
Grainger, Tennessee,23320
Grand, Colorado,15734
Grand, Utah,9754
Grand Forks, North Dakota,69451
Grand Isle, Vermont,7235
Grand Traverse, Michigan,93088
Granite, Montana,3379
Grant, Arkansas,18265
Grant, Indiana,65769
Grant, Kansas,7150
Grant, Kentucky,25069
Grant, Minnesota,5972
Grant, Nebraska,623
Grant, New Mexico,26998
Grant, North Dakota,2274
Grant, Oklahoma,4333
Grant, Oregon,7199
Grant, South Dakota,7052
Grant, Washington,97733
Grant, West Virginia,11568
Grant, Wisconsin,51439
Grant, Louisiana,22389
Granville, North Carolina,60443
Gratiot, Michigan,40711
Graves, Kentucky,37266
Gray, Kansas,5988
Gray, Texas,21886
Grays Harbor, Washington,75061
Grayson, Kentucky,26427
Grayson, Texas,136212
Grayson, Virginia,15550
Greeley, Kansas,1232
Greeley, Nebraska,2356
Greenbrier, West Virginia,34662
Green, Kentucky,10941
Green, Wisconsin,36960
Greene, Alabama,8111
Greene, Arkansas,45325
Greene, Georgia,18324
Greene, Illinois,12969
Greene, Indiana,31922
Greene, Iowa,8888
Greene, Mississippi,13586
Greene, Missouri,293086
Greene, New York,47188
Greene, North Carolina,21069
Greene, Ohio,168937
Greene, Pennsylvania,36233
Greene, Tennessee,69069
Greene, Virginia,19819
Green Lake, Wisconsin,18913
Greenlee, Arizona,9498
Greensville, Virginia,11336
Greenup, Kentucky,35098
Greenville, South Carolina,523542
Greenwood, Kansas,5982
Greenwood, South Carolina,70811
Greer, Oklahoma,5712
Gregg, Texas,123945
Gregory, South Dakota,4185
Grenada, Mississippi,20758
Griggs, North Dakota,2231
Grimes, Texas,28880
Grundy, Illinois,51054
Grundy, Iowa,12232
Grundy, Missouri,9850
Grundy, Tennessee,13427
Guadalupe, New Mexico,4300
Guadalupe, Texas,166847
Guernsey, Ohio,38875
Guilford, North Carolina,537174
Gulf, Florida,13639
Gunnison, Colorado,17462
Guthrie, Iowa,10689
Gwinnett, Georgia,936250
Haakon, South Dakota,1899
Habersham, Georgia,45328
Haines, Alaska,2530
Hale, Alabama,14651
Hale, Texas,33406
Halifax, North Carolina,50010
Halifax, Virginia,33911
Hall, Georgia,204441
Hall, Nebraska,61353
Hall, Texas,2964
Hamblen, Tennessee,64934
Hamilton, Florida,14428
Hamilton, Illinois,8116
Hamilton, Indiana,338011
Hamilton, Iowa,14773
Hamilton, Kansas,2539
Hamilton, Nebraska,9324
Hamilton, New York,4416
Hamilton, Ohio,817473
Hamilton, Tennessee,367804
Hamilton, Texas,8461
Hamlin, South Dakota,6164
Hampden, Massachusetts,466372
Hampshire, Massachusetts,160830
Hampshire, West Virginia,23175
Hampton, Virginia,134510
Hampton, South Carolina,19222
Hancock, Georgia,8457
Hancock, Illinois,17708
Hancock, Indiana,78168
Hancock, Iowa,10630
Hancock, Kentucky,8722
Hancock, Maine,54987
Hancock, Mississippi,47632
Hancock, Ohio,75783
Hancock, Tennessee,6620
Hancock, West Virginia,28810
Hand, South Dakota,3191
Hanover, Virginia,107766
Hansford, Texas,5399
Hanson, South Dakota,3453
Haralson, Georgia,29792
Hardee, Florida,26937
Hardeman, Tennessee,25050
Hardeman, Texas,3933
Hardin, Illinois,3821
Hardin, Iowa,16846
Hardin, Kentucky,110958
Hardin, Ohio,31365
Hardin, Tennessee,25652
Hardin, Texas,57602
Harding, New Mexico,625
Harding, South Dakota,1298
Hardy, West Virginia,13776
Harford, Maryland,255441
Harlan, Kentucky,26010
Harlan, Nebraska,3380
Harmon, Oklahoma,2653
Harnett, North Carolina,135976
Harney, Oregon,7393
Harper, Kansas,5436
Harper, Oklahoma,3688
Harris, Georgia,35236
Harris, Texas,4713325
Harrisonburg, Virginia,53016
Harrison, Indiana,40515
Harrison, Iowa,14049
Harrison, Kentucky,18886
Harrison, Mississippi,208080
Harrison, Missouri,8352
Harrison, Ohio,15040
Harrison, Texas,66553
Harrison, West Virginia,67256
Hart, Georgia,26205
Hart, Kentucky,19035
Hartford, Connecticut,891720
Hartley, Texas,5576
Harvey, Kansas,34429
Haskell, Kansas,3968
Haskell, Oklahoma,12627
Haskell, Texas,5658
Hawaii, Hawaii,201513
Hawkins, Tennessee,56786
Hayes, Nebraska,922
Hays, Texas,230191
Haywood, North Carolina,62317
Haywood, Tennessee,17304
Heard, Georgia,11923
Hemphill, Texas,3819
Hempstead, Arkansas,21532
Henderson, Illinois,6646
Henderson, Kentucky,45210
Henderson, North Carolina,117417
Henderson, Tennessee,28117
Henderson, Texas,82737
Hendricks, Indiana,170311
Hendry, Florida,42022
Hennepin, Minnesota,1265843
Henrico, Virginia,330818
Henry, Alabama,17205
Henry, Georgia,234561
Henry, Illinois,48913
Henry, Indiana,47972
Henry, Iowa,19954
Henry, Kentucky,16126
Henry, Missouri,21824
Henry, Ohio,27006
Henry, Tennessee,32345
Henry, Virginia,50557
Herkimer, New York,61319
Hernando, Florida,193920
Hertford, North Carolina,23677
Hettinger, North Dakota,2499
Hickman, Kentucky,4380
Hickman, Tennessee,25178
Hickory, Missouri,9544
Hidalgo, New Mexico,4198
Hidalgo, Texas,868707
Highland, Ohio,43161
Highland, Virginia,2190
Highlands, Florida,106221
Hill, Montana,16484
Hill, Texas,36649
Hillsborough, Florida,1471968
Hillsborough, New Hampshire,417025
Hillsdale, Michigan,45605
Hinds, Mississippi,231840
Hinsdale, Colorado,820
Hitchcock, Nebraska,2762
Hocking, Ohio,28264
Hockley, Texas,23021
Hodgeman, Kansas,1794
Hoke, North Carolina,55234
Holmes, Florida,19617
Holmes, Mississippi,17010
Holmes, Ohio,43960
Holt, Missouri,4403
Holt, Nebraska,10067
Honolulu, Hawaii,974563
Hood, Texas,61643
Hood River, Oregon,23382
Hooker, Nebraska,682
Hoonah-Angoon, Alaska,2148
Hopewell, Virginia,22529
Hopkins, Kentucky,44686
Hopkins, Texas,37084
Horry, South Carolina,354081
Hot Spring, Arkansas,33771
Hot Springs, Wyoming,4413
Houghton, Michigan,35684
Houston, Alabama,105882
Houston, Georgia,157863
Houston, Minnesota,18600
Houston, Tennessee,8201
Houston, Texas,22968
Howard, Arkansas,13202
Howard, Indiana,82544
Howard, Iowa,9158
Howard, Maryland,325690
Howard, Missouri,10001
Howard, Nebraska,6445
Howard, Texas,36664
Howell, Missouri,40117
Hubbard, Minnesota,21491
Hudson, New Jersey,672391
Hudspeth, Texas,4886
Huerfano, Colorado,6897
Hughes, Oklahoma,13279
Hughes, South Dakota,17526
Humboldt, California,135558
Humboldt, Iowa,9558
Humboldt, Nevada,16831
Humphreys, Mississippi,8064
Humphreys, Tennessee,18582
Hunt, Texas,98594
Hunterdon, New Jersey,124371
Huntingdon, Pennsylvania,45144
Huntington, Indiana,36520
Huron, Michigan,30981
Huron, Ohio,58266
Hutchinson, South Dakota,7291
Hutchinson, Texas,20938
Hyde, North Carolina,4937
Hyde, South Dakota,1301
Iberia, Louisiana,69830
Iberville, Louisiana,32511
Ida, Iowa,6860
Idaho, Idaho,16667
Imperial, California,181215
Independence, Arkansas,37825
Indiana, Pennsylvania,84073
Indian River, Florida,159923
Ingham, Michigan,292406
Inyo, California,18039
Ionia, Michigan,64697
Iosco, Michigan,25127
Iowa, Iowa,16184
Iowa, Wisconsin,23678
Iredell, North Carolina,181806
Irion, Texas,1536
Iron, Michigan,11066
Iron, Missouri,10125
Iron, Utah,54839
Iron, Wisconsin,5687
Iroquois, Illinois,27114
Irwin, Georgia,9416
Isabella, Michigan,69872
Isanti, Minnesota,40596
Island, Washington,85141
Isle of Wight, Virginia,37109
Issaquena, Mississippi,1327
Itasca, Minnesota,45130
Itawamba, Mississippi,23390
Izard, Arkansas,13629
Jack, Texas,8935
Jackson, Alabama,51626
Jackson, Arkansas,16719
Jackson, Colorado,1392
Jackson, Florida,46414
Jackson, Georgia,72977
Jackson, Illinois,56750
Jackson, Indiana,44231
Jackson, Iowa,19439
Jackson, Kansas,13171
Jackson, Kentucky,13329
Jackson, Michigan,158510
Jackson, Minnesota,9846
Jackson, Mississippi,143617
Jackson, Missouri,703011
Jackson, North Carolina,43938
Jackson, Ohio,32413
Jackson, Oklahoma,24530
Jackson, Oregon,220944
Jackson, South Dakota,3344
Jackson, Tennessee,11786
Jackson, Texas,14760
Jackson, West Virginia,28576
Jackson, Wisconsin,20643
Jackson, Louisiana,15744
James City, Virginia,76523
Jasper, Georgia,14219
Jasper, Illinois,9610
Jasper, Indiana,33562
Jasper, Iowa,37185
Jasper, Mississippi,16383
Jasper, Missouri,121328
Jasper, South Carolina,30073
Jasper, Texas,35529
Jay, Indiana,20436
Jeff Davis, Georgia,15115
Jeff Davis, Texas,2274
Jefferson, Alabama,658573
Jefferson, Arkansas,66824
Jefferson, Colorado,582881
Jefferson, Florida,14246
Jefferson, Georgia,15362
Jefferson, Idaho,29871
Jefferson, Illinois,37684
Jefferson, Indiana,32308
Jefferson, Iowa,18295
Jefferson, Kansas,19043
Jefferson, Kentucky,766757
Jefferson, Mississippi,6990
Jefferson, Missouri,225081
Jefferson, Montana,12221
Jefferson, Nebraska,7046
Jefferson, New York,109834
Jefferson, Ohio,65325
Jefferson, Oklahoma,6002
Jefferson, Oregon,24658
Jefferson, Pennsylvania,43425
Jefferson, Tennessee,54495
Jefferson, Texas,251565
Jefferson, Washington,32221
Jefferson, West Virginia,57146
Jefferson, Wisconsin,84769
Jefferson Davis, Mississippi,11128
Jefferson Davis, Louisiana,31368
Jefferson, Louisiana,432493
Jenkins, Georgia,8676
Jennings, Indiana,27735
Jerauld, South Dakota,2013
Jerome, Idaho,24412
Jersey, Illinois,21773
Jessamine, Kentucky,54115
Jewell, Kansas,2879
Jim Hogg, Texas,5200
Jim Wells, Texas,40482
Jo Daviess, Illinois,21235
Johnson, Arkansas,26578
Johnson, Georgia,9643
Johnson, Illinois,12417
Johnson, Indiana,158167
Johnson, Iowa,151140
Johnson, Kansas,602401
Johnson, Kentucky,22188
Johnson, Missouri,54062
Johnson, Nebraska,5071
Johnson, Tennessee,17788
Johnson, Texas,175817
Johnson, Wyoming,8445
Johnston, North Carolina,209339
Johnston, Oklahoma,11085
Jones, Georgia,28735
Jones, Iowa,20681
Jones, Mississippi,68098
Jones, North Carolina,9419
Jones, South Dakota,903
Jones, Texas,20083
Josephine, Oregon,87487
Juab, Utah,12017
Judith Basin, Montana,2007
Juneau, Alaska,31974
Juneau, Wisconsin,26687
Juniata, Pennsylvania,24763
Kalamazoo, Michigan,265066
Kalawao, Hawaii,86
Kalkaska, Michigan,18038
Kanabec, Minnesota,16337
Kanawha, West Virginia,178124
Kandiyohi, Minnesota,43199
Kane, Illinois,532403
Kane, Utah,7886
Kankakee, Illinois,109862
Karnes, Texas,15601
Kauai, Hawaii,72293
Kaufman, Texas,136154
Kay, Oklahoma,43538
Kearney, Nebraska,6495
Kearny, Kansas,3838
Keith, Nebraska,8034
Kemper, Mississippi,9742
Kenai Peninsula, Alaska,58708
Kendall, Illinois,128990
Kendall, Texas,47431
Kenedy, Texas,404
Kennebec, Maine,122302
Kenosha, Wisconsin,169561
Kent, Delaware,180786
Kent, Maryland,19422
Kent, Michigan,656955
Kent, Rhode Island,164292
Kent, Texas,762
Kenton, Kentucky,166998
Keokuk, Iowa,10246
Kern, California,900202
Kerr, Texas,52600
Kershaw, South Carolina,66551
Ketchikan Gateway, Alaska,13901
Kewaunee, Wisconsin,20434
Keweenaw, Michigan,2116
Keya Paha, Nebraska,806
Kidder, North Dakota,2480
Kimball, Nebraska,3632
Kimble, Texas,4337
King and Queen, Virginia,7025
King, Texas,272
King, Washington,2252782
Kingfisher, Oklahoma,15765
King George, Virginia,26836
Kingman, Kansas,7152
Kingsbury, South Dakota,4939
Kings, California,152940
Kings, New York,2559903
King William, Virginia,17148
Kinney, Texas,3667
Kiowa, Colorado,1406
Kiowa, Kansas,2475
Kiowa, Oklahoma,8708
Kit Carson, Colorado,7097
Kitsap, Washington,271473
Kittitas, Washington,47935
Kittson, Minnesota,4298
Klamath, Oregon,68238
Kleberg, Texas,30680
Klickitat, Washington,22425
Knott, Kentucky,14806
Knox, Illinois,49699
Knox, Indiana,36594
Knox, Kentucky,31145
Knox, Maine,39772
Knox, Missouri,3959
Knox, Nebraska,8332
Knox, Ohio,62322
Knox, Tennessee,470313
Knox, Texas,3664
Kodiak Island, Alaska,12998
Koochiching, Minnesota,12229
Kootenai, Idaho,165697
Kosciusko, Indiana,79456
Kossuth, Iowa,14813
Kusilvak, Alaska,8314
Labette, Kansas,19618
Lackawanna, Pennsylvania,209674
Laclede, Missouri,35723
Lac qui Parle, Minnesota,6623
La Crosse, Wisconsin,118016
Lafayette, Arkansas,6624
Lafayette, Florida,8422
Lafayette, Mississippi,54019
Lafayette, Missouri,32708
Lafayette, Wisconsin,16665
Lafayette, Louisiana,244390
Lafourche, Louisiana,97614
LaGrange, Indiana,39614
Lake and Peninsula, Alaska,1592
Lake, California,64386
Lake, Colorado,8127
Lake, Florida,367118
Lake, Illinois,696535
Lake, Indiana,485493
Lake, Michigan,11853
Lake, Minnesota,10641
Lake, Montana,30458
Lake, Ohio,230149
Lake, Oregon,7869
Lake, South Dakota,12797
Lake, Tennessee,7016
Lake of the Woods, Minnesota,3740
Lamar, Alabama,13805
Lamar, Georgia,19077
Lamar, Mississippi,63343
Lamar, Texas,49859
Lamb, Texas,12893
Lamoille, Vermont,25362
LaMoure, North Dakota,4046
Lampasas, Texas,21428
Lancaster, Nebraska,319090
Lancaster, Pennsylvania,545724
Lancaster, South Carolina,98012
Lancaster, Virginia,10603
Lander, Nevada,5532
Lane, Kansas,1535
Lane, Oregon,382067
Langlade, Wisconsin,19189
Lanier, Georgia,10423
La Paz, Arizona,21108
Lapeer, Michigan,87607
La Plata, Colorado,56221
LaPorte, Indiana,109888
Laramie, Wyoming,99500
Larimer, Colorado,356899
Larue, Kentucky,14398
LaSalle, Illinois,108669
La Salle, Texas,7520
LaSalle, Louisiana,14892
Las Animas, Colorado,14506
Lassen, California,30573
Latah, Idaho,40108
Latimer, Oklahoma,10073
Lauderdale, Alabama,92729
Lauderdale, Mississippi,74125
Lauderdale, Tennessee,25633
Laurel, Kentucky,60813
Laurens, Georgia,47546
Laurens, South Carolina,67493
Lavaca, Texas,20154
Lawrence, Alabama,32924
Lawrence, Arkansas,16406
Lawrence, Illinois,15678
Lawrence, Indiana,45370
Lawrence, Kentucky,15317
Lawrence, Mississippi,12586
Lawrence, Missouri,38355
Lawrence, Ohio,59463
Lawrence, Pennsylvania,85512
Lawrence, South Dakota,25844
Lawrence, Tennessee,44142
Lea, New Mexico,71070
Leake, Mississippi,22786
Leavenworth, Kansas,81758
Lebanon, Pennsylvania,141793
Lee, Alabama,164542
Lee, Arkansas,8857
Lee, Florida,770577
Lee, Georgia,29992
Lee, Illinois,34096
Lee, Iowa,33657
Lee, Kentucky,7403
Lee, Mississippi,85436
Lee, North Carolina,61779
Lee, South Carolina,16828
Lee, Texas,17239
Lee, Virginia,23423
Leelanau, Michigan,21761
Leflore, Mississippi,28183
Le Flore, Oklahoma,49853
Lehigh, Pennsylvania,369318
Lemhi, Idaho,8027
Lenawee, Michigan,98451
Lenoir, North Carolina,55949
Leon, Florida,293582
Leon, Texas,17404
Leslie, Kentucky,9877
Le Sueur, Minnesota,28887
Letcher, Kentucky,21553
Levy, Florida,41503
Lewis and Clark, Montana,69432
Lewis, Idaho,3838
Lewis, Kentucky,13275
Lewis, Missouri,9776
Lewis, New York,26296
Lewis, Tennessee,12268
Lewis, Washington,80707
Lewis, West Virginia,15907
Lexington, Virginia,7446
Lexington, South Carolina,298750
Liberty, Florida,8354
Liberty, Georgia,61435
Liberty, Montana,2337
Liberty, Texas,88219
Licking, Ohio,176862
Limestone, Alabama,98915
Limestone, Texas,23437
Lincoln, Arkansas,13024
Lincoln, Colorado,5701
Lincoln, Georgia,7921
Lincoln, Idaho,5366
Lincoln, Kansas,2962
Lincoln, Kentucky,24549
Lincoln, Maine,34634
Lincoln, Minnesota,5639
Lincoln, Mississippi,34153
Lincoln, Missouri,59013
Lincoln, Montana,19980
Lincoln, Nebraska,34914
Lincoln, Nevada,5183
Lincoln, New Mexico,19572
Lincoln, North Carolina,86111
Lincoln, Oklahoma,34877
Lincoln, Oregon,49962
Lincoln, South Dakota,61128
Lincoln, Tennessee,34366
Lincoln, Washington,10939
Lincoln, West Virginia,20409
Lincoln, Wisconsin,27593
Lincoln, Wyoming,19830
Lincoln, Louisiana,46742
Linn, Iowa,226706
Linn, Kansas,9703
Linn, Missouri,11920
Linn, Oregon,129749
Lipscomb, Texas,3233
Litchfield, Connecticut,180333
Little River, Arkansas,12259
Live Oak, Texas,12207
Livingston, Illinois,35648
Livingston, Kentucky,9194
Livingston, Michigan,191995
Livingston, Missouri,15227
Livingston, New York,62914
Livingston, Louisiana,140789
Llano, Texas,21795
Logan, Arkansas,21466
Logan, Colorado,22409
Logan, Illinois,28618
Logan, Kansas,2794
Logan, Kentucky,27102
Logan, Nebraska,748
Logan, North Dakota,1850
Logan, Ohio,45672
Logan, Oklahoma,48011
Logan, West Virginia,32019
Long, Georgia,19559
Lonoke, Arkansas,73309
Lorain, Ohio,309833
Los Alamos, New Mexico,19369
Los Angeles, California,10039107
Loudon, Tennessee,54068
Loudoun, Virginia,413538
Louisa, Iowa,11035
Louisa, Virginia,37591
Loup, Nebraska,664
Love, Oklahoma,10253
Loving, Texas,169
Lowndes, Alabama,9726
Lowndes, Georgia,117406
Lowndes, Mississippi,58595
Lubbock, Texas,310569
Lucas, Iowa,8600
Lucas, Ohio,428348
Luce, Michigan,6229
Lumpkin, Georgia,33610
Luna, New Mexico,23709
Lunenburg, Virginia,12196
Luzerne, Pennsylvania,317417
Lycoming, Pennsylvania,113299
Lyman, South Dakota,3781
Lynchburg, Virginia,82168
Lynn, Texas,5951
Lyon, Iowa,11755
Lyon, Kansas,33195
Lyon, Kentucky,8210
Lyon, Minnesota,25474
Lyon, Nevada,57510
Mackinac, Michigan,10799
Macomb, Michigan,873972
Macon, Alabama,18068
Macon, Georgia,12947
Macon, Illinois,104009
Macon, Missouri,15117
Macon, North Carolina,35858
Macon, Tennessee,24602
Macoupin, Illinois,44926
Madera, California,157327
Madison, Alabama,372909
Madison, Arkansas,16576
Madison, Florida,18493
Madison, Georgia,29880
Madison, Idaho,39907
Madison, Illinois,262966
Madison, Indiana,129569
Madison, Iowa,16338
Madison, Kentucky,92987
Madison, Mississippi,106272
Madison, Missouri,12088
Madison, Montana,8600
Madison, Nebraska,35099
Madison, New York,70941
Madison, North Carolina,21755
Madison, Ohio,44731
Madison, Tennessee,97984
Madison, Texas,14284
Madison, Virginia,13261
Madison, Louisiana,10951
Magoffin, Kentucky,12161
Mahaska, Iowa,22095
Mahnomen, Minnesota,5527
Mahoning, Ohio,228683
Major, Oklahoma,7629
Malheur, Oregon,30571
Manassas, Virginia,41085
Manassas Park, Virginia,17478
Manatee, Florida,403253
Manistee, Michigan,24558
Manitowoc, Wisconsin,78981
Marathon, Wisconsin,135692
Marengo, Alabama,18863
Maricopa, Arizona,4485414
Maries, Missouri,8697
Marin, California,258826
Marinette, Wisconsin,40350
Marion, Alabama,29709
Marion, Arkansas,16694
Marion, Florida,365579
Marion, Georgia,8359
Marion, Illinois,37205
Marion, Indiana,964582
Marion, Iowa,33253
Marion, Kansas,11884
Marion, Kentucky,19273
Marion, Mississippi,24573
Marion, Missouri,28530
Marion, Ohio,65093
Marion, Oregon,347818
Marion, South Carolina,30657
Marion, Tennessee,28907
Marion, Texas,9854
Marion, West Virginia,56072
Mariposa, California,17203
Marlboro, South Carolina,26118
Marquette, Michigan,66699
Marquette, Wisconsin,15574
Marshall, Alabama,96774
Marshall, Illinois,11438
Marshall, Indiana,46258
Marshall, Iowa,39369
Marshall, Kansas,9707
Marshall, Kentucky,31100
Marshall, Minnesota,9336
Marshall, Mississippi,35294
Marshall, Oklahoma,16931
Marshall, South Dakota,4935
Marshall, Tennessee,34375
Marshall, West Virginia,30531
Martin, Florida,161000
Martin, Indiana,10255
Martin, Kentucky,11195
Martin, Minnesota,19683
Martin, North Carolina,22440
Martin, Texas,5771
Martinsville, Virginia,12554
Mason, Illinois,13359
Mason, Kentucky,17070
Mason, Michigan,29144
Mason, Texas,4274
Mason, Washington,66768
Mason, West Virginia,26516
Massac, Illinois,13772
Matagorda, Texas,36643
Matanuska-Susitna, Alaska,108317
Mathews, Virginia,8834
Maui, Hawaii,167417
Maury, Tennessee,96387
Maverick, Texas,58722
Mayes, Oklahoma,41100
McClain, Oklahoma,40474
McCone, Montana,1664
McCook, South Dakota,5586
McCormick, South Carolina,9463
McCracken, Kentucky,65418
McCreary, Kentucky,17231
McCulloch, Texas,7984
McCurtain, Oklahoma,32832
McDonald, Missouri,22837
McDonough, Illinois,29682
McDowell, North Carolina,45756
McDowell, West Virginia,17624
McDuffie, Georgia,21312
McHenry, Illinois,307774
McHenry, North Dakota,5745
McIntosh, Georgia,14378
McIntosh, North Dakota,2497
McIntosh, Oklahoma,19596
McKean, Pennsylvania,40625
McKenzie, North Dakota,15024
McKinley, New Mexico,71367
McLean, Illinois,171517
McLean, Kentucky,9207
McLean, North Dakota,9450
McLennan, Texas,256623
McLeod, Minnesota,35893
McMinn, Tennessee,53794
McMullen, Texas,743
McNairy, Tennessee,25694
McPherson, Kansas,28542
McPherson, Nebraska,494
McPherson, South Dakota,2379
Meade, Kansas,4033
Meade, Kentucky,28572
Meade, South Dakota,28332
Meagher, Montana,1862
Mecklenburg, North Carolina,1110356
Mecklenburg, Virginia,30587
Mecosta, Michigan,43453
Medina, Ohio,179746
Medina, Texas,51584
Meeker, Minnesota,23222
Meigs, Ohio,22907
Meigs, Tennessee,12422
Mellette, South Dakota,2061
Menard, Illinois,12196
Menard, Texas,2138
Mendocino, California,86749
Menifee, Kentucky,6489
Menominee, Michigan,22780
Menominee, Wisconsin,4556
Merced, California,277680
Mercer, Illinois,15437
Mercer, Kentucky,21933
Mercer, Missouri,3617
Mercer, New Jersey,367430
Mercer, North Dakota,8187
Mercer, Ohio,41172
Mercer, Pennsylvania,109424
Mercer, West Virginia,58758
Meriwether, Georgia,21167
Merrick, Nebraska,7755
Merrimack, New Hampshire,151391
Mesa, Colorado,154210
Metcalfe, Kentucky,10071
Miami, Indiana,35516
Miami, Kansas,34237
Miami, Ohio,106987
Miami-Dade, Florida,2716940
Middlesex, Connecticut,162436
Middlesex, Massachusetts,1611699
Middlesex, New Jersey,825062
Middlesex, Virginia,10582
Midland, Michigan,83156
Midland, Texas,176832
Mifflin, Pennsylvania,46138
Milam, Texas,24823
Millard, Utah,13188
Mille Lacs, Minnesota,26277
Miller, Arkansas,43257
Miller, Georgia,5718
Miller, Missouri,25619
Mills, Iowa,15109
Mills, Texas,4873
Milwaukee, Wisconsin,945726
Mineral, Colorado,769
Mineral, Montana,4397
Mineral, Nevada,4505
Mineral, West Virginia,26868
Miner, South Dakota,2216
Mingo, West Virginia,23424
Minidoka, Idaho,21039
Minnehaha, South Dakota,193134
Missaukee, Michigan,15118
Mississippi, Arkansas,40651
Mississippi, Missouri,13180
Missoula, Montana,119600
Mitchell, Georgia,21863
Mitchell, Iowa,10586
Mitchell, Kansas,5979
Mitchell, North Carolina,14964
Mitchell, Texas,8545
Mobile, Alabama,413210
Modoc, California,8841
Moffat, Colorado,13283
Mohave, Arizona,212181
Moniteau, Missouri,16132
Monmouth, New Jersey,618795
Mono, California,14444
Monona, Iowa,8615
Monongalia, West Virginia,105612
Monroe, Alabama,20733
Monroe, Arkansas,6701
Monroe, Florida,74228
Monroe, Georgia,27578
Monroe, Illinois,34637
Monroe, Indiana,148431
Monroe, Iowa,7707
Monroe, Kentucky,10650
Monroe, Michigan,150500
Monroe, Mississippi,35252
Monroe, Missouri,8644
Monroe, New York,741770
Monroe, Ohio,13654
Monroe, Pennsylvania,170271
Monroe, Tennessee,46545
Monroe, West Virginia,13275
Monroe, Wisconsin,46253
Montague, Texas,19818
Montcalm, Michigan,63888
Monterey, California,434061
Montezuma, Colorado,26183
Montgomery, Alabama,226486
Montgomery, Arkansas,8986
Montgomery, Georgia,9172
Montgomery, Illinois,28414
Montgomery, Indiana,38338
Montgomery, Iowa,9917
Montgomery, Kansas,31829
Montgomery, Kentucky,28157
Montgomery, Maryland,1050688
Montgomery, Mississippi,9775
Montgomery, Missouri,11551
Montgomery, New York,49221
Montgomery, North Carolina,27173
Montgomery, Ohio,531687
Montgomery, Pennsylvania,830915
Montgomery, Tennessee,208993
Montgomery, Texas,607391
Montgomery, Virginia,98535
Montmorency, Michigan,9328
Montour, Pennsylvania,18230
Montrose, Colorado,42758
Moody, South Dakota,6576
Moore, North Carolina,100880
Moore, Tennessee,6488
Moore, Texas,20940
Mora, New Mexico,4521
Morehouse, Louisiana,24874
Morgan, Alabama,119679
Morgan, Colorado,29068
Morgan, Georgia,19276
Morgan, Illinois,33658
Morgan, Indiana,70489
Morgan, Kentucky,13309
Morgan, Missouri,20627
Morgan, Ohio,14508
Morgan, Tennessee,21403
Morgan, Utah,12124
Morgan, West Virginia,17884
Morrill, Nebraska,4642
Morris, Kansas,5620
Morris, New Jersey,491845
Morris, Texas,12388
Morrison, Minnesota,33386
Morrow, Ohio,35328
Morrow, Oregon,11603
Morton, Kansas,2587
Morton, North Dakota,31364
Motley, Texas,1200
Moultrie, Illinois,14501
Mountrail, North Dakota,10545
Mower, Minnesota,40062
Muhlenberg, Kentucky,30622
Multnomah, Oregon,812855
Murray, Georgia,40096
Murray, Minnesota,8194
Murray, Oklahoma,14073
Muscatine, Iowa,42664
Muscogee, Georgia,195769
Muskegon, Michigan,173566
Muskingum, Ohio,86215
Muskogee, Oklahoma,67997
Musselshell, Montana,4633
Nacogdoches, Texas,65204
Nance, Nebraska,3519
Nantucket, Massachusetts,11399
Napa, California,137744
Nash, North Carolina,94298
Nassau, Florida,88625
Nassau, New York,1356924
Natchitoches, Louisiana,38158
Natrona, Wyoming,79858
Navajo, Arizona,110924
Navarro, Texas,50113
Nelson, Kentucky,46233
Nelson, North Dakota,2879
Nelson, Virginia,14930
Nemaha, Kansas,10231
Nemaha, Nebraska,6972
Neosho, Kansas,16007
Neshoba, Mississippi,29118
Ness, Kansas,2750
Nevada, Arkansas,8252
Nevada, California,99755
Newaygo, Michigan,48980
Newberry, South Carolina,38440
New Castle, Delaware,558753
New Hanover, North Carolina,234473
New Haven, Connecticut,854757
New Kent, Virginia,23091
New London, Connecticut,265206
New Madrid, Missouri,17076
Newport, Rhode Island,82082
Newport News, Virginia,179225
Newton, Arkansas,7753
Newton, Georgia,111744
Newton, Indiana,13984
Newton, Mississippi,21018
Newton, Missouri,58236
Newton, Texas,13595
New York, New York,1628706
Nez Perce, Idaho,40408
Niagara, New York,209281
Nicholas, Kentucky,7269
Nicholas, West Virginia,24496
Nicollet, Minnesota,34274
Niobrara, Wyoming,2356
Noble, Indiana,47744
Noble, Ohio,14424
Noble, Oklahoma,11131
Nobles, Minnesota,21629
Nodaway, Missouri,22092
Nolan, Texas,14714
Nome, Alaska,10004
Norfolk, Virginia,242742
Norfolk, Massachusetts,706775
Norman, Minnesota,6375
Northampton, North Carolina,19483
Northampton, Pennsylvania,305285
Northampton, Virginia,11710
North Slope, Alaska,9832
Northumberland, Pennsylvania,90843
Northumberland, Virginia,12095
Northwest Arctic, Alaska,7621
Norton, Virginia,3981
Norton, Kansas,5361
Nottoway, Virginia,15232
Nowata, Oklahoma,10076
Noxubee, Mississippi,10417
Nuckolls, Nebraska,4148
Nueces, Texas,362294
Nye, Nevada,46523
Oakland, Michigan,1257584
Obion, Tennessee,30069
O'Brien, Iowa,13753
Oceana, Michigan,26467
Ocean, New Jersey,607186
Ochiltree, Texas,9836
Oconee, Georgia,40280
Oconee, South Carolina,79546
Oconto, Wisconsin,37930
Ogemaw, Michigan,20997
Oglala Lakota, South Dakota,14177
Ogle, Illinois,50643
Oglethorpe, Georgia,15259
Ohio, Indiana,5875
Ohio, Kentucky,23994
Ohio, West Virginia,41411
Okaloosa, Florida,210738
Okanogan, Washington,42243
Okeechobee, Florida,42168
Okfuskee, Oklahoma,11993
Oklahoma, Oklahoma,797434
Okmulgee, Oklahoma,38465
Oktibbeha, Mississippi,49587
Oldham, Kentucky,66799
Oldham, Texas,2112
Oliver, North Dakota,1959
Olmsted, Minnesota,158293
Oneida, Idaho,4531
Oneida, New York,228671
Oneida, Wisconsin,35595
Onondaga, New York,460528
Onslow, North Carolina,197938
Ontario, New York,109777
Ontonagon, Michigan,5720
Orangeburg, South Carolina,86175
Orange, California,3175692
Orange, Florida,1393452
Orange, Indiana,19646
Orange, New York,384940
Orange, North Carolina,148476
Orange, Texas,83396
Orange, Vermont,28892
Orange, Virginia,37051
Oregon, Missouri,10529
Orleans, New York,40352
Orleans, Vermont,27037
Orleans, Louisiana,390144
Osage, Kansas,15949
Osage, Missouri,13615
Osage, Oklahoma,46963
Osborne, Kansas,3421
Osceola, Florida,375751
Osceola, Iowa,5958
Osceola, Michigan,23460
Oscoda, Michigan,8241
Oswego, New York,117124
Otero, Colorado,18278
Otero, New Mexico,67490
Otoe, Nebraska,16012
Otsego, Michigan,24668
Otsego, New York,59493
Ottawa, Kansas,5704
Ottawa, Michigan,291830
Ottawa, Ohio,40525
Ottawa, Oklahoma,31127
Otter Tail, Minnesota,58746
ottineau, North Dakota,6282
Ouachita, Arkansas,23382
Ouachita, Louisiana,153279
Ouray, Colorado,4952
Outagamie, Wisconsin,187885
Overton, Tennessee,22241
Owen, Indiana,20799
Owen, Kentucky,10901
Owsley, Kentucky,4415
Owyhee, Idaho,11823
Oxford, Maine,57975
Ozark, Missouri,9174
Ozaukee, Wisconsin,89221
Pacific, Washington,22471
Page, Iowa,15107
Page, Virginia,23902
Palm Beach, Florida,1496770
Palo Alto, Iowa,8886
Palo Pinto, Texas,29189
Pamlico, North Carolina,12726
Panola, Mississippi,34192
Panola, Texas,23194
Park, Colorado,18845
Park, Montana,16606
Park, Wyoming,29194
Parke, Indiana,16937
Parker, Texas,142878
Parmer, Texas,9605
Pasco, Florida,553947
Pasquotank, North Carolina,39824
Passaic, New Jersey,501826
Patrick, Virginia,17608
Paulding, Georgia,168667
Paulding, Ohio,18672
Pawnee, Kansas,6414
Pawnee, Nebraska,2613
Pawnee, Oklahoma,16376
Payette, Idaho,23951
Payne, Oklahoma,81784
Peach, Georgia,27546
Pearl River, Mississippi,55535
Pecos, Texas,15823
Pembina, North Dakota,6801
Pemiscot, Missouri,15805
Pender, North Carolina,63060
Pendleton, Kentucky,14590
Pendleton, West Virginia,6969
Pend Oreille, Washington,13724
Pennington, Minnesota,14119
Pennington, South Dakota,113775
Penobscot, Maine,152148
Peoria, Illinois,179179
Pepin, Wisconsin,7287
Perkins, Nebraska,2891
Perkins, South Dakota,2865
Perquimans, North Carolina,13463
Perry, Alabama,8923
Perry, Arkansas,10455
Perry, Illinois,20916
Perry, Indiana,19169
Perry, Kentucky,25758
Perry, Mississippi,11973
Perry, Missouri,19136
Perry, Ohio,36134
Perry, Pennsylvania,46272
Perry, Tennessee,8076
Pershing, Nevada,6725
Person, North Carolina,39490
Petersburg, Alaska,3266
Petersburg, Virginia,31346
Petroleum, Montana,487
Pettis, Missouri,42339
Phelps, Missouri,44573
Phelps, Nebraska,9034
Philadelphia, Pennsylvania,1584064
Phillips, Arkansas,17782
Phillips, Colorado,4265
Phillips, Kansas,5234
Phillips, Montana,3954
Piatt, Illinois,16344
Pickaway, Ohio,58457
Pickens, Alabama,19930
Pickens, Georgia,32591
Pickens, South Carolina,126884
Pickett, Tennessee,5048
Pierce, Georgia,19465
Pierce, Nebraska,7148
Pierce, North Dakota,3975
Pierce, Washington,904980
Pierce, Wisconsin,42754
Pike, Alabama,33114
Pike, Arkansas,10718
Pike, Georgia,18962
Pike, Illinois,15561
Pike, Indiana,12389
Pike, Kentucky,57876
Pike, Mississippi,39288
Pike, Missouri,18302
Pike, Ohio,27772
Pike, Pennsylvania,55809
Pima, Arizona,1047279
Pinal, Arizona,462789
Pine, Minnesota,29579
Pinellas, Florida,974996
Pipestone, Minnesota,9126
Piscataquis, Maine,16785
Pitkin, Colorado,17767
Pitt, North Carolina,180742
Pittsburg, Oklahoma,43654
Pittsylvania, Virginia,60354
Piute, Utah,1479
Placer, California,398329
Plaquemines, Louisiana,23197
Platte, Missouri,104418
Platte, Nebraska,33470
Platte, Wyoming,8393
Pleasants, West Virginia,7460
Plumas, California,18807
Plymouth, Iowa,25177
Plymouth, Massachusetts,521202
Pocahontas, Iowa,6619
Pocahontas, West Virginia,8247
Poinsett, Arkansas,23528
Pointe Coupee, Louisiana,21730
Polk, Arkansas,19964
Polk, Florida,724777
Polk, Georgia,42613
Polk, Iowa,490161
Polk, Minnesota,31364
Polk, Missouri,32149
Polk, Nebraska,5213
Polk, North Carolina,20724
Polk, Oregon,86085
Polk, Tennessee,16832
Polk, Texas,51353
Polk, Wisconsin,43783
Pondera, Montana,5911
Pontotoc, Mississippi,32174
Pontotoc, Oklahoma,38284
Pope, Arkansas,64072
Pope, Illinois,4177
Pope, Minnesota,11249
Poquoson, Virginia,12271
Portage, Ohio,162466
Portage, Wisconsin,70772
Porter, Indiana,170389
Portsmouth, Virginia,94398
Posey, Indiana,25427
Pottawatomie, Kansas,24383
Pottawatomie, Oklahoma,72592
Pottawattamie, Iowa,93206
Potter, Pennsylvania,16526
Potter, South Dakota,2153
Potter, Texas,117415
Powder River, Montana,1682
Powell, Kentucky,12359
Powell, Montana,6890
Power, Idaho,7681
Poweshiek, Iowa,18504
Powhatan, Virginia,29652
Prairie, Arkansas,8062
Prairie, Montana,1077
Pratt, Kansas,9164
Preble, Ohio,40882
Prentiss, Mississippi,25126
Presidio, Texas,6704
Presque Isle, Michigan,12592
Preston, West Virginia,33432
Price, Wisconsin,13351
Prince Edward, Virginia,22802
Prince George, Virginia,38353
Prince George's, Maryland,909327
Prince of Wales-Hyder, Alaska,6203
Prince William, Virginia,470335
Providence, Rhode Island,638931
Prowers, Colorado,12172
Pueblo, Colorado,168424
Pulaski, Arkansas,391911
Pulaski, Georgia,11137
Pulaski, Illinois,5335
Pulaski, Indiana,12353
Pulaski, Kentucky,64979
Pulaski, Missouri,52607
Pulaski, Virginia,34027
Pushmataha, Oklahoma,11096
Putnam, Florida,74521
Putnam, Georgia,22119
Putnam, Illinois,5739
Putnam, Indiana,37576
Putnam, Missouri,4696
Putnam, New York,98320
Putnam, Ohio,33861
Putnam, Tennessee,80245
Putnam, West Virginia,56450
Quay, New Mexico,8253
Queen Anne's, Maryland,50381
Queens, New York,2253858
Quitman, Georgia,2299
Quitman, Mississippi,6792
Rabun, Georgia,17137
Racine, Wisconsin,196311
Radford, Virginia,18249
Rains, Texas,12514
Raleigh, West Virginia,73361
Ralls, Missouri,10309
Ramsey, Minnesota,550321
Ramsey, North Dakota,11519
Randall, Texas,137713
Randolph, Alabama,22722
Randolph, Arkansas,17958
Randolph, Georgia,6778
Randolph, Illinois,31782
Randolph, Indiana,24665
Randolph, Missouri,24748
Randolph, North Carolina,143667
Randolph, West Virginia,28695
Rankin, Mississippi,155271
Ransom, North Dakota,5218
Rapides, Louisiana,129648
Rappahannock, Virginia,7370
Ravalli, Montana,43806
Rawlins, Kansas,2530
Ray, Missouri,23018
Reagan, Texas,3849
Real, Texas,3452
Red Lake, Minnesota,4055
Red River, Texas,12023
Red River, Louisiana,8442
Red Willow, Nebraska,10724
Redwood, Minnesota,15170
Reeves, Texas,15976
Refugio, Texas,6948
Reno, Kansas,61998
Rensselaer, New York,158714
Renville, Minnesota,14548
Renville, North Dakota,2327
Republic, Kansas,4636
Reynolds, Missouri,6270
Rhea, Tennessee,33167
Rice, Kansas,9537
Rice, Minnesota,66972
Richardson, Nebraska,7865
Rich, Utah,2483
Richland, Illinois,15513
Richland, Montana,10803
Richland, North Dakota,16177
Richland, Ohio,121154
Richland, South Carolina,415759
Richland, Wisconsin,17252
Richland, Louisiana,20122
Richmond city, Virginia,230436
Richmond, Georgia,202518
Richmond, New York,476143
Richmond, North Carolina,44829
Richmond, Virginia,9023
Riley, Kansas,74232
Ringgold, Iowa,4894
Rio Arriba, New Mexico,38921
Rio Blanco, Colorado,6324
Rio Grande, Colorado,11267
Ripley, Indiana,28324
Ripley, Missouri,13288
Ritchie, West Virginia,9554
Riverside, California,2470546
Roane, Tennessee,53382
Roane, West Virginia,13688
Roanoke city, Virginia,99143
Roanoke, Virginia,94186
Roberts, South Dakota,10394
Roberts, Texas,854
Robertson, Kentucky,2108
Robertson, Tennessee,71813
Robertson, Texas,17074
Robeson, North Carolina,130625
Rockbridge, Virginia,22573
Rockcastle, Kentucky,16695
Rock, Minnesota,9315
Rock, Nebraska,1357
Rock, Wisconsin,163354
Rockdale, Georgia,90896
Rockingham, New Hampshire,309769
Rockingham, North Carolina,91010
Rockingham, Virginia,81948
Rock Island, Illinois,141879
Rockland, New York,325789
Rockwall, Texas,104915
Roger Mills, Oklahoma,3583
Rogers, Oklahoma,92459
Rolette, North Dakota,14176
Rooks, Kansas,4920
Roosevelt, Montana,11004
Roosevelt, New Mexico,18500
Roscommon, Michigan,24019
Roseau, Minnesota,15165
Rosebud, Montana,8937
Ross, Ohio,76666
Routt, Colorado,25638
Rowan, Kentucky,24460
Rowan, North Carolina,142088
Runnels, Texas,10264
Rush, Indiana,16581
Rush, Kansas,3036
Rusk, Texas,54406
Rusk, Wisconsin,14178
Russell, Alabama,57961
Russell, Kansas,6856
Russell, Kentucky,17923
Russell, Virginia,26586
Rutherford, North Carolina,67029
Rutherford, Tennessee,332285
Rutland, Vermont,58191
Sabine, Texas,10542
Sabine, Louisiana,23884
Sac, Iowa,9721
Sacramento, California,1552058
Sagadahoc, Maine,35856
Saginaw, Michigan,190539
Saguache, Colorado,6824
Salem, Virginia,25301
Salem, New Jersey,62385
Saline, Arkansas,122437
Saline, Illinois,23491
Saline, Kansas,54224
Saline, Missouri,22761
Saline, Nebraska,14224
Salt Lake, Utah,1160437
Saluda, South Carolina,20473
Sampson, North Carolina,63531
San Augustine, Texas,8237
San Benito, California,62808
San Bernardino, California,2180085
Sanborn, South Dakota,2344
Sanders, Montana,12113
San Diego, California,3338330
Sandoval, New Mexico,146748
Sandusky, Ohio,58518
San Francisco, California,881549
Sangamon, Illinois,194672
Sanilac, Michigan,41170
San Jacinto, Texas,28859
San Joaquin, California,762148
San Juan, Colorado,728
San Juan, New Mexico,123958
San Juan, Utah,15308
San Juan, Washington,17582
San Luis Obispo, California,283111
San Mateo, California,766573
San Miguel, Colorado,8179
San Miguel, New Mexico,27277
San Patricio, Texas,66730
Sanpete, Utah,30939
San Saba, Texas,6055
Santa Barbara, California,446499
Santa Clara, California,1927852
Santa Cruz, Arizona,46498
Santa Cruz, California,273213
Santa Fe, New Mexico,150358
Santa Rosa, Florida,184313
Sarasota, Florida,433742
Saratoga, New York,229863
Sargent, North Dakota,3898
Sarpy, Nebraska,187196
Sauk, Wisconsin,64442
Saunders, Nebraska,21578
Sawyer, Wisconsin,16558
Schenectady, New York,155299
Schleicher, Texas,2793
Schley, Georgia,5257
Schoharie, New York,30999
Schoolcraft, Michigan,8094
Schuyler, Illinois,6768
Schuyler, Missouri,4660
Schuyler, New York,17807
Schuylkill, Pennsylvania,141359
Scioto, Ohio,75314
Scotland, Missouri,4902
Scotland, North Carolina,34823
Scott, Arkansas,10281
Scott, Illinois,4951
Scott, Indiana,23873
Scott, Iowa,172943
Scott, Kansas,4823
Scott, Kentucky,57004
Scott, Minnesota,149013
Scott, Mississippi,28124
Scott, Missouri,38280
Scott, Tennessee,22068
Scott, Virginia,21566
Scotts Bluff, Nebraska,35618
Screven, Georgia,13966
Scurry, Texas,16703
Searcy, Arkansas,7881
Sebastian, Arkansas,127827
Sedgwick, Colorado,2248
Sedgwick, Kansas,516042
Seminole, Florida,471826
Seminole, Georgia,8090
Seminole, Oklahoma,24258
Seneca, New York,34016
Seneca, Ohio,55178
Sequatchie, Tennessee,15026
Sequoyah, Oklahoma,41569
Sevier, Arkansas,17007
Sevier, Tennessee,98250
Sevier, Utah,21620
Seward, Kansas,21428
Seward, Nebraska,17284
Shackelford, Texas,3265
Shannon, Missouri,8166
Sharkey, Mississippi,4321
Sharp, Arkansas,17442
Shasta, California,180080
Shawano, Wisconsin,40899
Shawnee, Kansas,176875
Sheboygan, Wisconsin,115340
Shelby, Alabama,217702
Shelby, Illinois,21634
Shelby, Indiana,44729
Shelby, Iowa,11454
Shelby, Kentucky,49024
Shelby, Missouri,5930
Shelby, Ohio,48590
Shelby, Tennessee,937166
Shelby, Texas,25274
Shenandoah, Virginia,43616
Sherburne, Minnesota,97238
Sheridan, Kansas,2521
Sheridan, Montana,3309
Sheridan, Nebraska,5246
Sheridan, North Dakota,1315
Sheridan, Wyoming,30485
Sherman, Kansas,5917
Sherman, Nebraska,3001
Sherman, Oregon,1780
Sherman, Texas,3022
Shiawassee, Michigan,68122
Shoshone, Idaho,12882
Sibley, Minnesota,14865
Sierra, California,3005
Sierra, New Mexico,10791
Silver Bow, Montana,34915
Simpson, Kentucky,18572
Simpson, Mississippi,26658
Sioux, Iowa,34855
Sioux, Nebraska,1166
Sioux, North Dakota,4230
Siskiyou, California,43539
Sitka, Alaska,8493
Skagit, Washington,129205
Skagway, Alaska,1183
Skamania, Washington,12083
Slope, North Dakota,750
Smith, Kansas,3583
Smith, Mississippi,15916
Smith, Tennessee,20157
Smith, Texas,232751
Smyth, Virginia,30104
Snohomish, Washington,822083
Snyder, Pennsylvania,40372
Socorro, New Mexico,16637
Solano, California,447643
Somerset, Maine,50484
Somerset, Maryland,25616
Somerset, New Jersey,328934
Somerset, Pennsylvania,73447
Somervell, Texas,9128
Sonoma, California,494336
Southampton, Virginia,17631
Southeast Fairbanks, Alaska,6893
Spalding, Georgia,66703
Spartanburg, South Carolina,319785
Spencer, Indiana,20277
Spencer, Kentucky,19351
Spink, South Dakota,6376
Spokane, Washington,522798
Spotsylvania, Virginia,136215
Stafford, Kansas,4156
Stafford, Virginia,152882
Stanislaus, California,550660
Stanley, South Dakota,3098
Stanly, North Carolina,62806
Stanton, Kansas,2006
Stanton, Nebraska,5920
Stark, Illinois,5342
Stark, North Dakota,31489
Stark, Ohio,370606
Starke, Indiana,22995
Starr, Texas,64633
Staunton, Virginia,24932
St. Bernard, Louisiana,47244
St. Charles, Missouri,402022
St. Charles, Louisiana,53100
St. Clair, Alabama,89512
St. Clair, Illinois,259686
St. Clair, Michigan,159128
St. Clair, Missouri,9397
St. Croix, Wisconsin,90687
Stearns, Minnesota,161075
Steele, Minnesota,36649
Steele, North Dakota,1890
Ste. Genevieve, Missouri,17894
Stephens, Georgia,25925
Stephens, Oklahoma,43143
Stephens, Texas,9366
Stephenson, Illinois,44498
Sterling, Texas,1291
Steuben, Indiana,34594
Steuben, New York,95379
Stevens, Kansas,5485
Stevens, Minnesota,9805
Stevens, Washington,45723
Stewart, Georgia,6621
Stewart, Tennessee,13715
St. Francis, Arkansas,24994
St. Francois, Missouri,67215
St. Helena, Louisiana,10132
Stillwater, Montana,9642
St. James, Louisiana,21096
St. Johns, Florida,264672
St. John the Baptist, Louisiana,42837
St. Joseph, Indiana,271826
St. Joseph, Michigan,60964
St. Landry, Louisiana,82124
St. Lawrence, New York,107740
St. Louis city, Missouri,300576
St. Louis, Minnesota,199070
St. Louis, Missouri,994205
St. Lucie, Florida,328297
St. Martin, Louisiana,53431
St. Mary, Louisiana,49348
St. Mary's, Maryland,113510
Stoddard, Missouri,29025
Stokes, North Carolina,45591
Stone, Arkansas,12506
Stone, Mississippi,18336
Stone, Missouri,31952
Stonewall, Texas,1350
Storey, Nevada,4123
Story, Iowa,97117
Strafford, New Hampshire,130633
St. Tammany, Louisiana,260419
Stutsman, North Dakota,20704
Sublette, Wyoming,9831
Suffolk, Virginia,92108
Suffolk, Massachusetts,803907
Suffolk, New York,1476601
Sullivan, Indiana,20669
Sullivan, Missouri,6089
Sullivan, New Hampshire,43146
Sullivan, New York,75432
Sullivan, Pennsylvania,6066
Sullivan, Tennessee,158348
Sully, South Dakota,1391
Summers, West Virginia,12573
Summit, Colorado,31011
Summit, Ohio,541013
Summit, Utah,42145
Sumner, Kansas,22836
Sumner, Tennessee,191283
Sumter, Alabama,12427
Sumter, Florida,132420
Sumter, Georgia,29524
Sumter, South Carolina,106721
Sunflower, Mississippi,25110
Surry, North Carolina,71783
Surry, Virginia,6422
Susquehanna, Pennsylvania,40328
Sussex, Delaware,234225
Sussex, New Jersey,140488
Sussex, Virginia,11159
Sutter, California,96971
Sutton, Texas,3776
Suwannee, Florida,44417
Swain, North Carolina,14271
Sweet Grass, Montana,3737
Sweetwater, Wyoming,42343
Swift, Minnesota,9266
Swisher, Texas,7397
Switzerland, Indiana,10751
Talbot, Georgia,6195
Talbot, Maryland,37181
Taliaferro, Georgia,1537
Talladega, Alabama,79978
Tallahatchie, Mississippi,13809
Tallapoosa, Alabama,40367
Tama, Iowa,16854
Taney, Missouri,55928
Tangipahoa, Louisiana,134758
Taos, New Mexico,32723
Tarrant, Texas,2102515
Tate, Mississippi,28321
Tattnall, Georgia,25286
Taylor, Florida,21569
Taylor, Georgia,8020
Taylor, Iowa,6121
Taylor, Kentucky,25769
Taylor, Texas,138034
Taylor, West Virginia,16695
Taylor, Wisconsin,20343
Tazewell, Illinois,131803
Tazewell, Virginia,40595
Tehama, California,65084
Telfair, Georgia,15860
Teller, Colorado,25388
Tensas, Louisiana,4334
Terrebonne, Louisiana,110461
Terrell, Georgia,8531
Terrell, Texas,776
Terry, Texas,12337
Teton, Idaho,12142
Teton, Montana,6147
Teton, Wyoming,23464
Texas, Missouri,25398
Texas, Oklahoma,19983
Thayer, Nebraska,5003
Thomas, Georgia,44451
Thomas, Kansas,7777
Thomas, Nebraska,722
Throckmorton, Texas,1501
Thurston, Nebraska,7224
Thurston, Washington,290536
Tift, Georgia,40644
Tillamook, Oregon,27036
Tillman, Oklahoma,7250
Tioga, New York,48203
Tioga, Pennsylvania,40591
Tippah, Mississippi,22015
Tippecanoe, Indiana,195732
Tipton, Indiana,15148
Tipton, Tennessee,61599
Tishomingo, Mississippi,19383
Titus, Texas,32750
Todd, Kentucky,12294
Todd, Minnesota,24664
Todd, South Dakota,10177
Tolland, Connecticut,150721
Tom Green, Texas,119200
Tompkins, New York,102180
Tooele, Utah,72259
Toole, Montana,4736
Toombs, Georgia,26830
Torrance, New Mexico,15461
Towner, North Dakota,2189
Towns, Georgia,12037
Traill, North Dakota,8036
Transylvania, North Carolina,34385
Traverse, Minnesota,3259
Travis, Texas,1273954
Treasure, Montana,696
Trego, Kansas,2803
Trempealeau, Wisconsin,29649
Treutlen, Georgia,6901
Trigg, Kentucky,14651
Trimble, Kentucky,8471
Trinity, California,12285
Trinity, Texas,14651
Tripp, South Dakota,5441
Troup, Georgia,69922
Trousdale, Tennessee,11284
Trumbull, Ohio,197974
Tucker, West Virginia,6839
Tulare, California,466195
Tulsa, Oklahoma,651552
Tunica, Mississippi,9632
Tuolumne, California,54478
Turner, Georgia,7985
Turner, South Dakota,8384
Tuscaloosa, Alabama,209355
Tuscarawas, Ohio,91987
Tuscola, Michigan,52245
Twiggs, Georgia,8120
Twin Falls, Idaho,86878
Tyler, Texas,21672
Tyler, West Virginia,8591
Tyrrell, North Carolina,4016
Uinta, Wyoming,20226
Uintah, Utah,35734
Ulster, New York,177573
Umatilla, Oregon,77950
Unicoi, Tennessee,17883
Union, Arkansas,38682
Union, Florida,15237
Union, Georgia,24511
Union, Illinois,16653
Union, Indiana,7054
Union, Iowa,12241
Union, Kentucky,14381
Union, Mississippi,28815
Union, New Jersey,556341
Union, New Mexico,4059
Union, North Carolina,239859
Union, Ohio,58988
Union, Oregon,26835
Union, Pennsylvania,44923
Union, South Carolina,27316
Union, South Dakota,15932
Union, Tennessee,19972
Union, Louisiana,22108
Upshur, Texas,41753
Upshur, West Virginia,24176
Upson, Georgia,26320
Upton, Texas,3657
Utah, Utah,636235
Uvalde, Texas,26741
Valdez-Cordova, Alaska,9202
Valencia, New Mexico,76688
Valley, Idaho,11392
Valley, Montana,7396
Valley, Nebraska,4158
Val Verde, Texas,49025
Van Buren, Arkansas,16545
Van Buren, Iowa,7044
Van Buren, Michigan,75677
Van Buren, Tennessee,5872
Vance, North Carolina,44535
Vanderburgh, Indiana,181451
Van Wert, Ohio,28275
Van Zandt, Texas,56590
Venango, Pennsylvania,50668
Ventura, California,846006
Vermilion, Illinois,75758
Vermilion, Louisiana,59511
Vermillion, Indiana,15498
Vernon, Missouri,20563
Vernon, Wisconsin,30822
Vernon, Louisiana,47429
Victoria, Texas,92084
Vigo, Indiana,107038
Vilas, Wisconsin,22195
Vinton, Ohio,13085
Virginia Beach, Virginia,449974
Volusia, Florida,553284
Wabasha, Minnesota,21627
Wabash, Illinois,11520
Wabash, Indiana,30996
Wabaunsee, Kansas,6931
Wadena, Minnesota,13682
Wagoner, Oklahoma,81289
Wahkiakum, Washington,4488
Wake, North Carolina,1111761
Wakulla, Florida,33739
Waldo, Maine,39715
Walker, Alabama,63521
Walker, Georgia,69761
Walker, Texas,72971
Wallace, Kansas,1518
Walla Walla, Washington,60760
Waller, Texas,55246
Wallowa, Oregon,7208
Walsh, North Dakota,10641
Walthall, Mississippi,14286
Walton, Florida,74071
Walton, Georgia,94593
Walworth, South Dakota,5435
Walworth, Wisconsin,103868
Wapello, Iowa,34969
Ward, North Dakota,67641
Ward, Texas,11998
Ware, Georgia,35734
Warren, Georgia,5254
Warren, Illinois,16844
Warren, Indiana,8265
Warren, Iowa,51466
Warren, Kentucky,132896
Warren, Mississippi,45381
Warren, Missouri,35649
Warren, New Jersey,105267
Warren, New York,63944
Warren, North Carolina,19731
Warren, Ohio,234602
Warren, Pennsylvania,39191
Warren, Tennessee,41277
Warren, Virginia,40164
Warrick, Indiana,62998
Wasatch, Utah,34091
Wasco, Oregon,26682
Waseca, Minnesota,18612
Washakie, Wyoming,7805
Washburn, Wisconsin,15720
Washington, Alabama,16326
Washington, Arkansas,239187
Washington, Colorado,4908
Washington, Florida,25473
Washington, Georgia,20374
Washington, Idaho,10194
Washington, Illinois,13887
Washington, Indiana,28036
Washington, Iowa,21965
Washington, Kansas,5406
Washington, Kentucky,12095
Washington, Maine,31379
Washington, Maryland,151049
Washington, Minnesota,262440
Washington, Mississippi,43909
Washington, Missouri,24730
Washington, Nebraska,20729
Washington, New York,61204
Washington, North Carolina,11580
Washington, Ohio,59911
Washington, Oklahoma,51527
Washington, Oregon,601592
Washington, Pennsylvania,206865
Washington, Rhode Island,125577
Washington, Tennessee,129375
Washington, Texas,35882
Washington, Utah,177556
Washington, Vermont,58409
Washington, Virginia,53740
Washington, Wisconsin,136034
Washington, Louisiana,46194
Washita, Oklahoma,10916
Washoe, Nevada,471519
Washtenaw, Michigan,367601
Watauga, North Carolina,56177
Watonwan, Minnesota,10897
Waukesha, Wisconsin,404198
Waupaca, Wisconsin,50990
Waushara, Wisconsin,24443
Wayne, Georgia,29927
Wayne, Illinois,16215
Wayne, Indiana,65884
Wayne, Iowa,6441
Wayne, Kentucky,20333
Wayne, Michigan,1749343
Wayne, Mississippi,20183
Wayne, Missouri,12873
Wayne, Nebraska,9385
Wayne, New York,89918
Wayne, North Carolina,123131
Wayne, Ohio,115710
Wayne, Pennsylvania,51361
Wayne, Tennessee,16673
Wayne, Utah,2711
Wayne, West Virginia,39402
Waynesboro, Virginia,22630
Weakley, Tennessee,33328
Webb, Texas,276652
Weber, Utah,260213
Webster, Georgia,2607
Webster, Iowa,35904
Webster, Kentucky,12942
Webster, Mississippi,9689
Webster, Missouri,39592
Webster, Nebraska,3487
Webster, West Virginia,8114
Webster, Louisiana,38340
Weld, Colorado,324492
Wells, Indiana,28296
Wells, North Dakota,3834
West Baton Rouge, Louisiana,26465
West Carroll, Louisiana,10830
Westchester, New York,967506
West Feliciana, Louisiana,15568
Westmoreland, Pennsylvania,348899
Westmoreland, Virginia,18015
Weston, Wyoming,6927
Wetzel, West Virginia,15065
Wexford, Michigan,33631
Wharton, Texas,41556
Whatcom, Washington,229247
Wheatland, Montana,2126
Wheeler, Georgia,7855
Wheeler, Nebraska,783
Wheeler, Oregon,1332
Wheeler, Texas,5056
White, Arkansas,78753
White, Georgia,30798
White, Illinois,13537
White, Indiana,24102
White, Tennessee,27345
White Pine, Nevada,9580
Whiteside, Illinois,55175
Whitfield, Georgia,104628
Whitley, Indiana,33964
Whitley, Kentucky,36264
Whitman, Washington,50104
Wibaux, Montana,969
Wichita, Kansas,2119
Wichita, Texas,132230
Wicomico, Maryland,103609
Wilbarger, Texas,12769
Wilcox, Alabama,10373
Wilcox, Georgia,8635
Wilkes, Georgia,9777
Wilkes, North Carolina,68412
Wilkin, Minnesota,6207
Wilkinson, Georgia,8954
Wilkinson, Mississippi,8630
Willacy, Texas,21358
Will, Illinois,690743
Williamsburg, Virginia,14954
Williamsburg, South Carolina,30368
Williams, North Dakota,37589
Williams, Ohio,36692
Williamson, Illinois,66597
Williamson, Tennessee,238412
Williamson, Texas,590551
Wilson, Kansas,8525
Wilson, North Carolina,81801
Wilson, Tennessee,144657
Wilson, Texas,51070
Winchester, Virginia,28078
Windham, Connecticut,116782
Windham, Vermont,42222
Windsor, Vermont,55062
Winkler, Texas,8010
Winnebago, Illinois,282572
Winnebago, Iowa,10354
Winnebago, Wisconsin,171907
Winneshiek, Iowa,19991
Winn, Louisiana,13904
Winona, Minnesota,50484
Winston, Alabama,23629
Winston, Mississippi,17955
Wirt, West Virginia,5821
Wise, Texas,69984
Wise, Virginia,37383
Wolfe, Kentucky,7157
Woodbury, Iowa,103107
Wood, Ohio,130817
Wood, Texas,45539
Wood, West Virginia,83518
Wood, Wisconsin,72999
Woodford, Illinois,38459
Woodford, Kentucky,26734
Woodruff, Arkansas,6320
Woods, Oklahoma,8793
Woodson, Kansas,3138
Woodward, Oklahoma,20211
Worcester, Maryland,52276
Worcester, Massachusetts,830622
Worth, Georgia,20247
Worth, Iowa,7381
Worth, Missouri,2013
Wrangell, Alaska,2502
Wright, Iowa,12562
Wright, Minnesota,138377
Wright, Missouri,18289
Wyandot, Ohio,21772
Wyandotte, Kansas,165429
Wyoming, New York,39859
Wyoming, Pennsylvania,26794
Wyoming, West Virginia,20394
Wythe, Virginia,28684
Yadkin, North Carolina,37667
Yakima, Washington,250873
Yakutat, Alaska,579
Yalobusha, Mississippi,12108
Yamhill, Oregon,107100
Yancey, North Carolina,18069
Yankton, South Dakota,22814
Yates, New York,24913
Yavapai, Arizona,235099
Yazoo, Mississippi,29690
Yell, Arkansas,21341
Yellow Medicine, Minnesota,9709
Yellowstone, Montana,161300
Yoakum, Texas,8713
Yolo, California,220500
York, Maine,207641
York, Nebraska,13679
York, Pennsylvania,449058
York, South Carolina,280979
York, Virginia,68280
Young, Texas,18010
Yuba, California,78668
Yukon-Koyukuk, Alaska,5230
Yuma, Arizona,213787
Yuma, Colorado,10019
Zapata, Texas,14179
Zavala, Texas,11840
Ziebach, South Dakota,2756
